Customer_ID,Gender,Age,City,Education,Annual_Income,Marital_Status,Work_Experience,Spending_Score,Purchased
1,Male,40,Pune,UG,640300,Single,6,22,1
2,Female,57,Bangalore,PG,1045451,Single,17,22,1
3,Male,25,Delhi,UG,341402,Married,2,20,0
4,Male,31,Mumbai,UG,655197,Married,18,16,0
5,Male,40,Delhi,UG,986056,Single,30,64,0
6,Male,31,Delhi,UG,338106,Married,8,37,1
7,Male,19,Mumbai,PhD,392489,Married,22,19,1
8,Female,21,Chennai,PG,1172605,Married,16,20,1
9,Female,41,Pune,PhD,952720,Single,13,61,0
10,Male,53,Pune,UG,934704,Married,29,11,0
11,Female,26,Bangalore,PhD,1388483,Married,3,96,0
12,Female,33,Pune,PG,931482,Married,18,37,1
13,Male,49,Bangalore,PG,768984,Married,18,74,1
14,Female,49,Chennai,UG,1319146,Single,30,4,1
15,Male,44,Pune,PhD,966423,Single,18,93,0
16,Female,32,Pune,UG,250409,Married,14,70,0
17,Male,21,Mumbai,UG,1267677,Single,16,2,0
18,Female,53,Bangalore,PG,575294,Married,15,68,0
19,Female,42,Bangalore,PG,1398326,Single,13,90,0
20,Male,32,Mumbai,PhD,1408631,Married,3,23,0
21,Male,29,Pune,PG,945798,Single,17,79,0
22,Male,24,Delhi,UG,918082,Married,16,17,0
23,Female,53,Pune,UG,401932,Married,31,36,1
24,Female,41,Mumbai,PhD,1305759,Married,5,1,1
25,Female,23,Pune,UG,549746,Single,4,82,1
26,Male,58,Pune,PhD,839286,Single,4,20,1
27,Female,48,Mumbai,PG,442822,Single,20,46,0
28,Male,38,Chennai,PG,543039,Single,11,44,1
29,Male,28,Chennai,PhD,715430,Married,26,63,1
30,Male,33,Mumbai,UG,206535,Single,32,53,0
31,Male,31,Bangalore,UG,938477,Married,15,99,0
32,Female,42,Pune,UG,335296,Married,26,23,0
33,Female,31,Pune,PG,1364353,Single,9,39,1
34,Female,55,Chennai,UG,657794,Married,14,11,0
35,Male,35,Bangalore,PG,930554,Married,7,76,0
36,Male,31,Bangalore,UG,1008459,Single,6,80,1
37,Female,41,Chennai,PG,783070,Married,26,75,1
38,Male,25,Chennai,PhD,675107,Single,22,1,0
39,Male,42,Pune,PhD,1233138,Single,22,83,1
40,Female,51,Delhi,PhD,1265924,Single,8,53,1
41,Male,45,Mumbai,UG,401230,Married,20,16,0
42,Female,41,Pune,UG,1305110,Single,23,1,0
43,Male,35,Pune,UG,541536,Married,17,17,1
44,Female,51,Pune,UG,1056623,Single,17,57,1
45,Female,59,Delhi,PG,1167517,Single,5,9,1
46,Female,20,Mumbai,PhD,421163,Married,19,87,1
47,Male,29,Pune,PhD,458678,Single,7,15,0
48,Male,53,Pune,PhD,1477819,Single,5,55,1
49,Male,22,Chennai,PG,1046433,Single,5,71,1
50,Male,36,Chennai,PhD,666312,Single,6,64,1
51,Female,29,Pune,PhD,630143,Married,10,18,0
52,Female,44,Pune,UG,935166,Married,25,51,0
53,Male,34,Bangalore,PG,1243424,Single,19,67,1
54,Male,60,Chennai,UG,560992,Single,23,22,1
55,Female,45,Bangalore,PhD,1200034,Single,7,62,0
56,Male,57,Mumbai,PG,827558,Single,31,70,0
57,Female,39,Delhi,PG,1173560,Single,8,92,0
58,Male,27,Bangalore,PG,680883,Single,22,53,0
59,Male,58,Mumbai,UG,1033404,Married,12,2,0
60,Female,23,Bangalore,UG,368552,Married,4,50,1
61,Male,34,Mumbai,PG,325814,Married,13,42,1
62,Female,29,Bangalore,UG,1240697,Married,23,2,1
63,Male,23,Delhi,PhD,280926,Single,1,25,0
64,Female,60,Mumbai,PG,1449517,Single,2,10,1
65,Male,39,Pune,PhD,953834,Married,12,10,0
66,Male,33,Bangalore,PhD,763104,Single,14,37,0
67,Male,21,Pune,UG,563319,Married,32,58,1
68,Male,42,Mumbai,PG,1021172,Single,6,61,0
69,Female,50,Chennai,PhD,394810,Single,14,100,0
70,Male,18,Mumbai,UG,241920,Single,10,46,1
71,Male,32,Chennai,PG,990903,Married,30,32,0
72,Female,34,Delhi,UG,1311639,Single,2,17,0
73,Female,60,Delhi,PhD,308192,Single,10,29,0
74,Female,36,Pune,PhD,1177686,Single,2,32,0
75,Female,36,Bangalore,PG,1405722,Married,25,22,0
76,Male,37,Pune,PhD,1438876,Single,14,38,0
77,Male,18,Pune,PhD,832788,Single,29,35,1
78,Male,40,Mumbai,PhD,1000763,Married,34,62,1
79,Male,33,Chennai,PG,971502,Single,29,43,1
80,Female,41,Mumbai,PhD,786685,Married,0,36,1
81,Female,37,Pune,PhD,422141,Single,23,77,0
82,Male,32,Delhi,UG,1458712,Single,10,21,0
83,Male,41,Mumbai,UG,301968,Single,7,25,1
84,Male,54,Mumbai,PhD,254505,Married,8,14,0
85,Male,58,Bangalore,PhD,486220,Single,31,43,1
86,Female,50,Chennai,UG,326573,Married,14,57,0
87,Male,49,Bangalore,PG,1321703,Single,2,93,0
88,Female,48,Bangalore,UG,1332658,Single,11,88,0
89,Female,32,Mumbai,PhD,215322,Single,15,27,0
90,Male,18,Bangalore,PG,1385945,Married,3,38,0
91,Female,29,Mumbai,PG,1271282,Married,30,20,1
92,Female,52,Pune,UG,499779,Single,6,84,0
93,Female,54,Bangalore,PhD,811260,Married,18,77,1
94,Male,47,Delhi,PG,1172923,Single,12,99,0
95,Female,43,Bangalore,UG,1329985,Single,5,98,1
96,Female,28,Mumbai,PhD,1189616,Married,21,20,0
97,Female,49,Mumbai,PhD,819241,Single,31,85,0
98,Male,19,Mumbai,PG,1196937,Married,33,3,1
99,Male,27,Mumbai,PhD,971264,Married,25,92,0
100,Male,39,Pune,UG,1424475,Married,16,66,0
101,Female,26,Pune,PhD,1406671,Single,9,97,1
102,Male,47,Pune,UG,1041394,Married,35,6,0
103,Male,42,Pune,PG,902926,Single,25,21,0
104,Female,38,Mumbai,UG,1173757,Married,12,84,0
105,Female,35,Delhi,PG,375639,Single,29,13,0
106,Female,37,Delhi,PhD,981468,Married,13,97,1
107,Male,57,Pune,UG,1308067,Married,10,57,0
108,Female,33,Bangalore,UG,583585,Married,17,2,1
109,Female,56,Delhi,PG,1295363,Married,21,48,1
110,Male,52,Bangalore,PG,489620,Single,22,62,1
111,Male,46,Bangalore,PG,722822,Single,6,90,1
112,Female,47,Bangalore,PhD,508262,Single,1,87,0
113,Female,20,Delhi,UG,733810,Single,24,36,0
114,Male,49,Chennai,PG,810143,Married,23,67,1
115,Female,31,Delhi,PhD,1275085,Married,20,25,1
116,Female,43,Chennai,PhD,1360909,Single,16,76,0
117,Female,22,Chennai,PhD,602864,Married,23,57,1
118,Female,45,Mumbai,UG,393310,Married,22,5,0
119,Female,25,Bangalore,PhD,736494,Single,34,52,1
120,Female,50,Bangalore,PhD,1403244,Married,21,79,0
121,Female,53,Pune,UG,246003,Married,8,64,0
122,Male,30,Mumbai,UG,1032619,Single,14,99,1
123,Female,37,Chennai,PG,298368,Married,21,32,0
124,Female,35,Chennai,PG,469853,Single,9,89,0
125,Female,37,Bangalore,UG,585764,Married,4,92,1
126,Female,60,Delhi,UG,1346250,Single,9,59,0
127,Male,50,Bangalore,PhD,581482,Single,34,3,0
128,Male,38,Chennai,PG,1124148,Single,20,37,0
129,Male,41,Bangalore,PhD,1344336,Married,10,7,0
130,Female,45,Delhi,PhD,271144,Single,2,18,0
131,Female,22,Bangalore,PG,1101519,Single,22,58,1
132,Male,47,Chennai,PG,1364433,Married,26,15,0
133,Male,60,Pune,PhD,249080,Single,22,27,1
134,Female,41,Chennai,UG,865927,Married,8,41,1
135,Female,56,Bangalore,PG,1131051,Single,3,96,1
136,Male,31,Pune,PG,518828,Married,8,29,0
137,Male,53,Chennai,UG,759231,Married,8,78,0
138,Male,53,Delhi,UG,1084541,Single,13,67,0
139,Female,43,Delhi,PhD,1267919,Married,13,18,1
140,Male,30,Chennai,UG,875002,Married,26,58,1
141,Female,57,Delhi,UG,1051474,Single,18,46,1
142,Female,38,Pune,PhD,365754,Single,30,7,1
143,Male,43,Mumbai,PhD,446213,Single,1,2,1
144,Male,51,Chennai,PG,433495,Married,7,97,0
145,Female,57,Bangalore,UG,256500,Single,5,72,1
146,Male,31,Chennai,PG,630852,Single,12,8,0
147,Female,38,Chennai,UG,1202461,Married,19,1,1
148,Female,60,Delhi,UG,498371,Single,26,92,1
149,Female,36,Delhi,UG,809064,Single,10,4,1
150,Female,29,Bangalore,UG,1032856,Married,18,29,0
151,Male,53,Pune,UG,1244721,Single,1,47,1
152,Female,47,Pune,UG,1149696,Married,0,6,0
153,Male,50,Chennai,PhD,1107533,Single,6,72,0
154,Female,40,Delhi,UG,1295974,Married,22,80,1
155,Male,58,Pune,PG,495992,Single,20,5,0
156,Male,30,Mumbai,UG,440126,Single,30,34,1
157,Female,45,Delhi,PG,422449,Single,23,58,0
158,Female,45,Pune,UG,227983,Single,23,71,1
159,Male,36,Delhi,UG,1394578,Married,19,18,1
160,Female,54,Pune,PG,301332,Married,32,11,0
161,Female,48,Delhi,PhD,1251420,Married,14,57,0
162,Female,59,Chennai,PhD,356531,Single,12,1,1
163,Male,56,Pune,UG,1237016,Married,23,76,1
164,Female,34,Pune,PhD,343062,Married,1,43,1
165,Female,45,Delhi,PhD,1470747,Married,15,7,0
166,Female,21,Chennai,PhD,1472906,Married,6,6,1
167,Female,23,Chennai,UG,1285745,Married,16,85,0
168,Male,36,Bangalore,UG,530009,Single,7,45,1
169,Male,40,Bangalore,UG,1465323,Married,0,51,0
170,Female,57,Mumbai,PG,1017908,Married,33,42,1
171,Female,59,Bangalore,PG,1455667,Single,0,64,0
172,Male,23,Pune,UG,1179416,Married,25,64,1
173,Male,41,Delhi,PhD,527876,Married,19,38,0
174,Female,39,Mumbai,PG,1391006,Married,23,19,1
175,Male,38,Bangalore,PhD,1453789,Single,17,31,1
176,Male,31,Bangalore,PhD,1081956,Married,3,26,1
177,Male,41,Mumbai,UG,249085,Single,17,96,1
178,Female,42,Bangalore,UG,412842,Single,1,98,0
179,Male,34,Bangalore,PG,1373498,Married,30,10,1
180,Female,52,Bangalore,PG,923516,Married,17,17,0
181,Female,34,Mumbai,PhD,1253843,Married,16,62,0
182,Male,45,Pune,UG,861657,Married,26,80,0
183,Male,19,Mumbai,UG,335841,Single,29,98,1
184,Male,51,Mumbai,UG,1155096,Single,11,60,1
185,Female,18,Bangalore,UG,743168,Single,8,65,1
186,Male,20,Pune,PhD,1233678,Single,12,44,1
187,Male,39,Delhi,PG,1489938,Single,5,70,0
188,Female,59,Chennai,PG,1369535,Married,21,41,0
189,Male,21,Delhi,PG,1139709,Single,0,4,1
190,Male,32,Bangalore,PG,217243,Married,21,64,1
191,Female,53,Delhi,PhD,967698,Married,10,71,1
192,Male,56,Pune,PhD,1477957,Married,0,70,0
193,Male,29,Pune,PG,265090,Single,8,2,1
194,Female,54,Bangalore,PhD,315548,Single,19,94,1
195,Male,58,Pune,PG,1174312,Married,12,9,1
196,Male,24,Bangalore,PG,1345548,Single,9,71,0
197,Male,48,Bangalore,UG,1262847,Married,7,35,0
198,Male,22,Mumbai,UG,885899,Married,23,56,1
199,Female,44,Delhi,PhD,1108824,Single,32,65,1
200,Male,42,Mumbai,UG,968709,Married,23,55,0
201,Female,34,Bangalore,UG,473519,Married,19,30,1
202,Female,45,Chennai,PhD,1085645,Married,7,57,0
203,Male,44,Chennai,PhD,952731,Married,30,94,0
204,Male,43,Bangalore,PG,1462101,Married,11,8,0
205,Male,46,Chennai,PG,288617,Married,11,63,0
206,Female,44,Delhi,PhD,737865,Married,18,76,0
207,Male,34,Mumbai,PhD,1323565,Married,21,66,0
208,Male,55,Delhi,PG,315547,Married,31,2,0
209,Male,33,Pune,PhD,1367700,Single,28,69,0
210,Female,26,Mumbai,PhD,932106,Married,12,37,0
211,Male,49,Mumbai,UG,688951,Married,23,38,1
212,Male,18,Delhi,PhD,1351096,Single,30,18,1
213,Male,26,Mumbai,PG,1423490,Married,28,48,1
214,Female,24,Bangalore,PhD,1292089,Married,6,66,1
215,Male,54,Delhi,PG,270267,Single,10,39,0
216,Female,57,Chennai,UG,723609,Married,21,6,0
217,Female,23,Delhi,UG,757451,Married,5,66,0
218,Female,54,Chennai,PhD,327854,Married,8,6,0
219,Female,56,Delhi,PG,1067464,Married,14,7,0
220,Male,21,Bangalore,PhD,1383469,Single,5,21,1
221,Female,54,Pune,PG,640317,Married,14,46,1
222,Female,27,Bangalore,PhD,1032598,Single,33,74,0
223,Female,27,Bangalore,UG,722286,Married,23,26,1
224,Female,52,Pune,PhD,616900,Single,28,22,1
225,Male,25,Chennai,PG,1377476,Married,33,33,1
226,Male,40,Bangalore,PhD,534338,Married,5,47,1
227,Female,24,Pune,PG,398254,Single,16,45,0
228,Female,19,Pune,PhD,1248115,Single,31,46,1
229,Female,55,Delhi,PhD,1464252,Married,31,64,0
230,Female,37,Mumbai,PG,1494045,Married,11,76,1
231,Female,48,Delhi,UG,599052,Married,24,12,1
232,Male,47,Mumbai,UG,918397,Married,31,100,1
233,Male,42,Bangalore,UG,1251827,Single,15,73,0
234,Female,27,Delhi,PhD,932155,Married,15,43,0
235,Female,34,Bangalore,PG,622473,Single,15,13,1
236,Female,26,Pune,PhD,733566,Single,29,10,1
237,Male,60,Delhi,PG,926768,Married,34,80,0
238,Female,49,Chennai,UG,962919,Single,20,100,1
239,Male,41,Pune,PhD,1274174,Single,31,23,0
240,Male,33,Chennai,PhD,424502,Married,32,77,1
241,Male,29,Chennai,UG,561752,Married,34,74,0
242,Female,52,Mumbai,PG,751639,Married,22,84,0
243,Female,60,Chennai,PhD,746909,Married,10,40,0
244,Female,34,Delhi,UG,826563,Single,1,85,1
245,Male,46,Bangalore,PG,836928,Single,9,50,1
246,Female,53,Chennai,PhD,638733,Single,28,94,0
247,Male,52,Mumbai,UG,287663,Single,1,33,0
248,Male,21,Chennai,PhD,331002,Single,0,12,0
249,Female,24,Bangalore,PG,600535,Single,4,88,1
250,Female,36,Delhi,UG,1276042,Single,7,34,1
251,Female,45,Chennai,PhD,765264,Married,1,78,0
252,Male,58,Pune,UG,812253,Married,31,55,0
253,Female,39,Bangalore,UG,876080,Married,5,84,1
254,Female,38,Chennai,UG,993582,Single,22,45,0
255,Male,22,Bangalore,PG,578050,Married,8,13,0
256,Male,49,Bangalore,UG,852326,Single,0,32,1
257,Male,18,Bangalore,PG,1303757,Single,22,84,1
258,Female,37,Bangalore,UG,276518,Single,34,22,1
259,Male,45,Mumbai,UG,1140011,Married,26,80,0
260,Female,54,Mumbai,PhD,956132,Single,2,35,0
261,Female,29,Mumbai,PG,1257568,Single,27,84,0
262,Male,35,Bangalore,PG,668044,Single,13,97,1
263,Male,22,Delhi,PG,520764,Married,24,72,0
264,Female,48,Pune,UG,226357,Married,22,3,1
265,Female,19,Mumbai,PG,458685,Married,33,4,1
266,Female,26,Bangalore,PhD,1251071,Married,6,88,1
267,Female,19,Mumbai,PG,1359454,Single,22,84,0
268,Female,35,Pune,PhD,1076486,Married,32,83,1
269,Male,52,Mumbai,PG,571090,Single,27,60,1
270,Female,42,Bangalore,PhD,1102995,Single,19,1,0
271,Female,33,Mumbai,UG,1081467,Single,1,31,0
272,Female,58,Delhi,UG,464254,Married,30,66,1
273,Male,37,Bangalore,PG,343207,Married,34,41,0
274,Female,21,Delhi,UG,937058,Married,23,99,1
275,Female,49,Chennai,PhD,1119038,Single,3,16,1
276,Male,37,Chennai,PG,279217,Married,4,6,0
277,Male,56,Chennai,UG,1355476,Single,16,62,1
278,Male,32,Pune,PG,505627,Single,23,12,0
279,Female,35,Mumbai,PhD,1160468,Single,9,56,1
280,Female,24,Mumbai,PG,1051941,Married,13,54,0
281,Male,20,Bangalore,PG,391931,Single,16,84,1
282,Male,25,Delhi,UG,1296554,Single,18,55,0
283,Female,46,Delhi,PhD,479000,Married,24,88,0
284,Male,25,Bangalore,PhD,1116112,Single,12,66,1
285,Male,18,Chennai,UG,1129642,Single,8,62,0
286,Male,60,Delhi,PhD,328317,Married,4,81,0
287,Female,38,Mumbai,PG,763627,Single,16,21,1
288,Male,56,Pune,UG,384787,Married,2,29,0
289,Female,19,Delhi,PG,659032,Single,11,64,0
290,Female,51,Mumbai,UG,1328471,Married,19,53,1
291,Female,38,Chennai,UG,695681,Single,21,64,1
292,Male,50,Pune,PG,919679,Married,14,21,0
293,Female,56,Chennai,UG,409633,Married,6,66,1
294,Female,57,Mumbai,UG,1155396,Married,4,71,1
295,Female,24,Chennai,PG,618102,Married,0,4,0
296,Male,32,Bangalore,UG,1304641,Married,15,40,0
297,Male,26,Mumbai,PG,358542,Single,9,80,1
298,Male,47,Chennai,PhD,1460822,Married,0,49,1
299,Male,34,Bangalore,PhD,1406852,Single,34,46,1
300,Female,55,Bangalore,PG,1456873,Married,13,33,1
301,Male,58,Chennai,UG,369155,Married,33,82,1
302,Female,56,Chennai,PG,1433589,Single,15,15,1
303,Female,38,Bangalore,PhD,949954,Single,10,83,0
304,Female,20,Mumbai,PG,1047363,Single,21,28,1
305,Female,54,Mumbai,PG,767897,Single,25,15,0
306,Male,34,Chennai,PhD,391123,Married,7,34,1
307,Female,34,Pune,PG,858311,Married,7,52,0
308,Female,28,Delhi,PG,511457,Single,6,11,0
309,Female,27,Chennai,PG,1364872,Single,1,89,0
310,Female,18,Bangalore,PG,609860,Single,28,17,1
311,Female,27,Pune,PG,1184606,Married,24,20,0
312,Female,42,Pune,PhD,267042,Married,18,71,1
313,Male,33,Delhi,UG,741047,Single,15,13,1
314,Male,55,Delhi,PG,1325419,Single,3,97,1
315,Female,49,Pune,PhD,305763,Married,25,21,1
316,Male,42,Mumbai,PG,625156,Single,0,56,1
317,Male,30,Bangalore,PhD,659850,Married,27,90,0
318,Female,60,Chennai,PG,1323990,Married,24,72,0
319,Male,33,Pune,UG,355062,Single,32,70,0
320,Female,58,Delhi,PG,449173,Married,5,83,0
321,Female,37,Delhi,UG,1282013,Single,21,55,1
322,Female,45,Delhi,PG,552880,Single,23,62,1
323,Female,25,Pune,UG,1165627,Single,4,78,0
324,Female,48,Delhi,PhD,597808,Married,20,100,1
325,Female,45,Mumbai,PhD,1212900,Married,25,85,1
326,Male,46,Mumbai,PG,568124,Single,28,7,0
327,Female,59,Bangalore,UG,1487497,Married,17,96,1
328,Female,51,Bangalore,PG,1157857,Single,29,70,1
329,Female,54,Mumbai,PG,1402365,Single,34,78,0
330,Male,59,Pune,PG,655153,Married,19,40,1
331,Male,37,Bangalore,PhD,550744,Married,32,86,0
332,Male,22,Bangalore,PG,1334741,Single,5,68,0
333,Female,44,Pune,PhD,825845,Single,1,68,0
334,Female,54,Bangalore,PG,523677,Single,20,37,1
335,Male,54,Chennai,PhD,1232063,Married,22,73,0
336,Female,48,Chennai,PG,770441,Single,18,53,0
337,Male,50,Mumbai,PG,662466,Married,34,3,0
338,Male,49,Chennai,PhD,857488,Single,14,83,0
339,Female,34,Chennai,PhD,464099,Single,31,13,1
340,Male,60,Pune,UG,1280341,Single,24,35,0
341,Female,40,Bangalore,PG,349672,Married,34,29,0
342,Female,58,Mumbai,PG,574788,Single,15,46,0
343,Male,54,Delhi,UG,1084758,Single,10,2,1
344,Male,34,Delhi,PhD,1308778,Single,11,83,1
345,Male,35,Pune,PhD,922625,Married,18,23,1
346,Male,31,Mumbai,UG,1255158,Married,11,7,1
347,Female,33,Chennai,PG,1484903,Married,25,80,1
348,Female,41,Chennai,UG,283740,Married,15,19,0
349,Female,56,Delhi,PhD,1378119,Married,5,37,1
350,Female,20,Chennai,PhD,403727,Married,35,81,1
351,Female,30,Mumbai,PhD,533954,Single,2,12,1
352,Male,56,Chennai,UG,476264,Single,16,74,1
353,Female,38,Delhi,PG,1102041,Married,9,56,1
354,Male,36,Chennai,PhD,842585,Single,11,54,1
355,Female,33,Mumbai,PG,1198420,Single,3,45,0
356,Female,45,Mumbai,PhD,747566,Single,17,36,0
357,Female,22,Chennai,PhD,1291256,Single,17,73,0
358,Male,25,Bangalore,PhD,1131372,Single,33,45,0
359,Male,32,Pune,PhD,584105,Single,31,25,1
360,Female,26,Mumbai,PG,686471,Married,21,77,0
361,Male,35,Mumbai,UG,1288441,Married,24,46,1
362,Male,37,Delhi,PhD,1006745,Married,32,49,0
363,Female,53,Bangalore,PG,444484,Married,13,74,1
364,Male,43,Delhi,PhD,646679,Single,33,83,1
365,Male,19,Delhi,UG,914933,Single,3,91,1
366,Male,55,Delhi,PhD,1278182,Single,23,83,0
367,Male,23,Bangalore,PhD,801908,Single,25,67,1
368,Male,20,Delhi,UG,1026498,Married,23,26,0
369,Female,38,Chennai,PhD,607472,Single,20,20,0
370,Female,40,Mumbai,PG,960491,Single,35,96,0
371,Male,43,Pune,PhD,1198557,Single,31,29,0
372,Female,39,Pune,UG,1319817,Married,24,36,0
373,Male,37,Bangalore,UG,677380,Married,17,65,0
374,Male,47,Bangalore,PhD,1331528,Single,15,20,1
375,Male,49,Pune,PhD,1372455,Married,15,93,1
376,Female,19,Chennai,PhD,1117564,Single,33,74,0
377,Female,57,Mumbai,PhD,692707,Single,11,97,1
378,Male,56,Chennai,UG,507736,Married,30,58,1
379,Female,55,Pune,UG,1354988,Married,18,12,1
380,Male,47,Pune,PG,456520,Single,9,86,1
381,Female,49,Mumbai,PhD,278443,Single,35,79,0
382,Male,44,Mumbai,UG,1350184,Single,21,96,1
383,Female,29,Bangalore,PhD,933861,Married,25,63,0
384,Female,40,Bangalore,PG,1338028,Married,8,78,1
385,Male,32,Chennai,UG,256965,Single,24,95,1
386,Male,52,Pune,UG,917484,Married,24,26,0
387,Male,58,Chennai,PG,734007,Married,8,34,1
388,Female,60,Bangalore,PG,719282,Single,18,31,0
389,Male,20,Delhi,PG,394478,Single,34,74,1
390,Female,32,Mumbai,PhD,562905,Married,25,72,1
391,Female,22,Pune,PhD,421101,Single,9,79,1
392,Male,45,Pune,PG,400794,Single,15,24,1
393,Male,57,Delhi,PG,953760,Married,9,1,1
394,Female,27,Pune,UG,864453,Single,5,27,0
395,Male,39,Pune,PG,865830,Married,8,37,1
396,Male,20,Delhi,PG,821837,Single,0,67,0
397,Female,56,Bangalore,UG,1007564,Married,2,19,0
398,Female,55,Mumbai,PG,727672,Married,35,93,0
399,Male,53,Bangalore,UG,249449,Married,31,58,0
400,Male,19,Delhi,PG,1312347,Single,23,74,0
401,Female,42,Chennai,PG,539990,Married,14,67,0
402,Female,55,Mumbai,UG,1043954,Married,34,21,1
403,Male,47,Chennai,PhD,1196768,Married,31,81,1
404,Female,23,Pune,PG,478778,Single,17,74,1
405,Male,32,Mumbai,PhD,612859,Single,6,99,0
406,Female,38,Chennai,UG,600269,Single,14,55,0
407,Female,37,Chennai,PG,1293600,Married,4,100,0
408,Female,30,Chennai,UG,489839,Single,28,99,1
409,Male,28,Pune,UG,980327,Single,27,92,0
410,Female,21,Mumbai,PhD,1327468,Single,13,34,0
411,Female,51,Bangalore,PG,1413286,Married,17,12,1
412,Female,31,Pune,PG,565967,Married,26,47,0
413,Female,55,Mumbai,PhD,998578,Single,2,92,0
414,Female,29,Chennai,PG,838085,Single,21,1,0
415,Male,31,Delhi,PG,1017919,Married,17,92,1
416,Male,31,Delhi,PhD,216115,Married,6,26,1
417,Female,42,Pune,PG,1046556,Married,10,42,0
418,Female,36,Bangalore,PhD,1335128,Married,15,81,0
419,Female,35,Bangalore,PhD,274940,Married,24,94,1
420,Female,29,Mumbai,UG,1354603,Married,3,79,0
421,Female,20,Delhi,PhD,265207,Married,33,16,1
422,Female,54,Chennai,PhD,1299464,Married,11,67,0
423,Female,26,Bangalore,UG,1230791,Married,19,45,1
424,Female,46,Bangalore,UG,1225237,Married,20,54,0
425,Female,45,Delhi,PhD,587495,Married,25,44,0
426,Female,39,Chennai,PhD,1379812,Single,35,21,1
427,Female,18,Mumbai,UG,1073879,Single,8,6,0
428,Female,29,Mumbai,UG,922964,Single,14,9,1
429,Female,21,Mumbai,UG,301995,Single,25,91,1
430,Male,41,Mumbai,UG,1196934,Single,21,100,1
431,Male,20,Delhi,PhD,442023,Married,9,80,1
432,Female,23,Mumbai,PG,1147399,Married,23,49,0
433,Female,18,Delhi,PG,251829,Single,6,67,1
434,Female,34,Bangalore,PG,860737,Married,31,72,0
435,Male,20,Delhi,PhD,1044887,Single,22,77,1
436,Male,20,Pune,PhD,1165826,Single,18,24,1
437,Female,26,Pune,UG,1080490,Married,11,34,0
438,Male,35,Bangalore,PhD,1102511,Single,15,72,1
439,Male,50,Chennai,PG,416762,Single,24,79,1
440,Male,60,Pune,PhD,725732,Married,5,72,1
441,Male,43,Delhi,UG,525810,Single,6,68,1
442,Female,39,Bangalore,UG,653339,Married,0,8,0
443,Male,18,Chennai,PhD,1049324,Single,29,24,0
444,Male,36,Pune,PhD,1436016,Single,30,14,1
445,Male,23,Chennai,UG,885659,Married,5,26,0
446,Male,43,Mumbai,PhD,729943,Single,29,1,1
447,Female,38,Mumbai,PG,252294,Married,21,76,1
448,Male,22,Mumbai,PG,1122642,Single,19,65,1
449,Female,35,Pune,UG,1352877,Married,0,35,1
450,Male,32,Chennai,PhD,287717,Married,7,61,0
451,Female,37,Pune,PG,650793,Married,12,99,1
452,Male,45,Chennai,PhD,481920,Single,20,71,1
453,Male,54,Delhi,PG,541653,Single,14,51,0
454,Male,26,Delhi,PhD,210064,Single,9,61,1
455,Male,43,Pune,UG,1196004,Married,18,5,0
456,Female,37,Chennai,PhD,596132,Married,16,73,0
457,Female,60,Delhi,PhD,1189361,Married,11,81,0
458,Male,24,Chennai,UG,1191859,Married,2,64,1
459,Female,26,Delhi,UG,316313,Married,35,38,1
460,Male,50,Chennai,PG,893411,Single,28,21,0
461,Female,39,Pune,UG,597158,Single,10,18,0
462,Male,18,Pune,PG,1499975,Married,21,8,0
463,Female,25,Bangalore,PG,939190,Single,29,14,0
464,Female,51,Delhi,PG,1169569,Married,31,66,0
465,Female,56,Mumbai,UG,1313109,Married,25,24,1
466,Male,42,Bangalore,PG,941435,Married,31,65,0
467,Female,50,Mumbai,PG,331089,Single,27,84,1
468,Male,26,Delhi,UG,607441,Married,14,53,1
469,Male,34,Pune,UG,381358,Married,25,89,0
470,Male,28,Mumbai,PG,1132814,Single,13,90,1
471,Male,36,Pune,UG,717712,Married,32,1,0
472,Female,39,Bangalore,UG,762043,Married,31,35,0
473,Female,26,Bangalore,PhD,1477924,Single,33,96,0
474,Female,27,Pune,UG,1354991,Married,32,89,0
475,Male,42,Chennai,PhD,1051577,Single,11,90,0
476,Male,38,Delhi,PhD,1046709,Single,7,52,0
477,Male,28,Chennai,UG,635995,Single,9,64,0
478,Female,37,Bangalore,PhD,539573,Single,27,81,0
479,Female,29,Delhi,PG,1271291,Single,26,6,0
480,Female,56,Chennai,PG,994899,Married,21,69,0
481,Male,32,Mumbai,PG,1474281,Married,16,1,1
482,Male,23,Chennai,PhD,609618,Single,33,19,0
483,Male,34,Pune,PhD,922667,Single,21,10,1
484,Male,22,Mumbai,UG,587974,Single,21,88,0
485,Female,32,Pune,PhD,731739,Single,14,29,0
486,Male,49,Mumbai,PG,769233,Single,25,11,0
487,Female,20,Bangalore,PhD,1266420,Single,19,87,0
488,Female,20,Delhi,PG,1125033,Married,19,20,1
489,Male,32,Mumbai,PG,1097390,Single,30,28,0
490,Female,49,Bangalore,UG,1017133,Married,18,86,0
491,Male,25,Bangalore,UG,358622,Single,27,24,1
492,Male,23,Delhi,PhD,644582,Married,33,91,0
493,Female,22,Delhi,PhD,1227956,Single,2,28,0
494,Male,33,Mumbai,UG,518808,Single,19,33,1
495,Male,34,Bangalore,PhD,692002,Married,13,41,1
496,Male,56,Bangalore,PG,1098516,Single,17,69,1
497,Female,22,Delhi,PG,972437,Married,10,20,0
498,Male,41,Pune,PhD,362245,Married,31,80,0
499,Male,44,Delhi,PhD,1298220,Married,14,16,1
500,Male,42,Pune,PhD,1464301,Married,15,24,0
501,Male,38,Pune,PG,772436,Single,24,90,0
502,Male,25,Chennai,PG,1048709,Single,30,30,0
503,Female,51,Pune,PhD,776170,Married,2,11,1
504,Female,32,Delhi,UG,1367129,Single,6,99,1
505,Male,52,Mumbai,PhD,959556,Single,9,11,0
506,Male,43,Bangalore,PG,509798,Married,28,65,0
507,Female,53,Delhi,UG,1338460,Married,0,16,1
508,Female,51,Mumbai,PG,562797,Single,30,69,0
509,Female,52,Pune,PhD,810364,Married,26,68,0
510,Female,32,Chennai,UG,1367462,Single,30,3,1
511,Female,20,Delhi,PhD,628933,Married,17,7,0
512,Female,58,Bangalore,PhD,1186620,Single,14,54,0
513,Male,26,Pune,PG,326261,Single,31,44,0
514,Male,53,Chennai,PG,329514,Married,16,34,0
515,Female,60,Chennai,UG,1014488,Married,17,28,0
516,Male,43,Pune,PhD,1193242,Single,12,37,0
517,Female,27,Delhi,PhD,1223731,Married,28,32,0
518,Female,47,Pune,PhD,1239215,Single,33,75,0
519,Male,59,Pune,PhD,1040959,Single,0,18,1
520,Female,53,Delhi,UG,368240,Single,14,93,1
521,Male,34,Mumbai,PG,1401690,Married,5,98,1
522,Female,42,Pune,UG,258162,Single,33,67,1
523,Male,28,Delhi,UG,1257246,Single,5,32,1
524,Male,48,Pune,PhD,936469,Married,13,35,0
525,Female,29,Pune,PG,1400679,Married,1,89,0
526,Female,42,Bangalore,UG,642407,Married,5,93,0
527,Female,43,Bangalore,UG,1262466,Married,24,18,0
528,Male,56,Pune,PhD,615189,Married,13,38,0
529,Male,30,Bangalore,PhD,527998,Married,20,46,1
530,Female,47,Pune,PG,956950,Single,17,59,0
531,Female,20,Delhi,UG,289417,Single,33,29,0
532,Female,48,Pune,UG,221010,Married,12,65,0
533,Male,38,Pune,PhD,1195795,Single,13,12,0
534,Male,52,Delhi,PhD,379112,Single,21,10,0
535,Female,46,Mumbai,UG,687405,Single,4,43,1
536,Female,30,Pune,PhD,751800,Married,26,61,0
537,Female,47,Pune,PhD,467182,Single,23,54,0
538,Female,23,Chennai,PhD,1264285,Married,32,24,0
539,Female,28,Delhi,PG,606060,Married,12,86,0
540,Male,28,Mumbai,PhD,307751,Married,20,78,0
541,Female,21,Pune,UG,1036297,Married,15,50,0
542,Male,39,Pune,UG,549502,Single,0,2,0
543,Male,51,Delhi,PG,468838,Single,35,53,1
544,Male,47,Mumbai,PhD,622357,Married,27,99,0
545,Female,22,Mumbai,PG,208026,Married,8,62,1
546,Male,48,Chennai,UG,815261,Married,15,69,0
547,Female,45,Delhi,PhD,1040189,Single,35,5,1
548,Female,48,Pune,UG,320970,Married,31,97,1
549,Female,40,Bangalore,PG,823827,Married,13,12,1
550,Male,20,Delhi,PG,921460,Single,21,94,0
551,Male,52,Chennai,UG,1132179,Married,15,53,1
552,Male,38,Mumbai,PhD,1181703,Married,8,27,0
553,Female,38,Chennai,PG,583202,Married,32,4,1
554,Male,27,Pune,PhD,626439,Married,12,61,1
555,Female,29,Pune,PG,1127967,Single,32,91,0
556,Female,44,Mumbai,PG,721989,Single,24,43,1
557,Male,54,Mumbai,UG,520507,Married,5,44,0
558,Female,29,Pune,PhD,765863,Single,1,97,0
559,Male,40,Bangalore,UG,999491,Single,6,60,1
560,Male,39,Mumbai,UG,1330846,Single,21,23,0
561,Male,40,Delhi,UG,768690,Single,4,12,0
562,Male,40,Chennai,PG,503125,Married,28,15,1
563,Male,32,Chennai,PhD,799740,Single,0,34,0
564,Male,43,Delhi,PhD,1473509,Single,4,17,1
565,Female,45,Mumbai,UG,845319,Married,18,67,0
566,Female,30,Bangalore,PhD,1353910,Single,2,14,1
567,Male,52,Bangalore,UG,886958,Single,7,76,1
568,Female,54,Delhi,PG,660544,Married,6,80,1
569,Female,55,Pune,PG,1360521,Single,22,78,1
570,Female,21,Mumbai,UG,1313275,Single,23,3,1
571,Female,31,Mumbai,PhD,563869,Single,31,73,0
572,Female,54,Pune,PhD,989823,Married,0,53,1
573,Male,25,Pune,UG,1019916,Married,32,94,0
574,Male,51,Pune,PG,280750,Married,29,73,0
575,Female,19,Chennai,PG,956308,Married,15,56,0
576,Male,25,Delhi,PhD,1165460,Married,4,3,0
577,Male,42,Bangalore,UG,891731,Single,24,81,1
578,Female,44,Chennai,PhD,660811,Single,25,72,0
579,Female,28,Bangalore,PhD,1310705,Married,11,9,0
580,Male,34,Mumbai,UG,1137957,Married,30,30,1
581,Male,47,Mumbai,UG,987761,Married,16,46,1
582,Female,55,Mumbai,PG,321764,Single,17,46,0
583,Female,27,Chennai,PhD,356845,Single,31,84,1
584,Female,51,Mumbai,PhD,1285871,Single,26,4,1
585,Female,32,Bangalore,PhD,1291866,Single,5,90,1
586,Female,39,Bangalore,PhD,912566,Married,27,68,1
587,Male,42,Pune,UG,307377,Married,30,92,0
588,Male,31,Mumbai,UG,562678,Single,21,9,1
589,Male,42,Bangalore,PhD,758114,Married,27,92,0
590,Female,34,Mumbai,PhD,1372144,Single,35,93,1
591,Female,60,Delhi,PhD,1097191,Single,8,22,0
592,Female,19,Chennai,PhD,1084252,Single,7,7,0
593,Female,46,Delhi,PhD,1051938,Married,33,40,1
594,Female,38,Pune,PhD,1036822,Married,11,3,1
595,Female,19,Delhi,PhD,1156364,Married,30,43,0
596,Female,49,Mumbai,UG,990169,Single,35,90,0
597,Male,25,Bangalore,PhD,1143925,Single,6,18,1
598,Male,53,Chennai,PhD,1289523,Single,7,86,0
599,Male,44,Pune,PG,1292039,Single,22,42,1
600,Female,44,Pune,UG,233027,Single,20,61,0
601,Female,59,Chennai,UG,1002504,Married,26,39,1
602,Female,40,Bangalore,PhD,941122,Married,12,99,1
603,Female,29,Pune,PG,583997,Married,2,30,1
604,Male,23,Bangalore,UG,772275,Single,19,40,0
605,Male,60,Pune,PhD,1370889,Single,10,20,1
606,Male,41,Bangalore,PhD,791408,Married,33,74,0
607,Female,54,Mumbai,PG,226902,Single,1,47,1
608,Female,42,Pune,PhD,942002,Married,32,22,1
609,Male,37,Delhi,PG,1446518,Married,6,17,1
610,Female,54,Pune,PhD,1308524,Single,30,72,1
611,Female,23,Bangalore,UG,420235,Single,27,47,1
612,Male,38,Chennai,PhD,666270,Single,26,67,1
613,Male,48,Chennai,PhD,1209187,Married,16,49,0
614,Female,50,Bangalore,UG,275532,Single,26,14,0
615,Female,34,Mumbai,PhD,514649,Married,13,59,0
616,Female,50,Delhi,UG,518017,Married,12,16,0
617,Female,19,Pune,PG,1490866,Single,33,89,0
618,Female,57,Pune,PhD,503020,Single,25,20,1
619,Male,50,Bangalore,UG,288853,Married,25,10,0
620,Male,19,Pune,UG,1049160,Married,24,83,0
621,Female,31,Bangalore,UG,714651,Single,0,62,1
622,Male,20,Bangalore,UG,674216,Married,19,65,0
623,Male,43,Bangalore,PG,1483273,Single,14,93,0
624,Male,41,Chennai,UG,938621,Single,20,79,0
625,Female,29,Pune,PG,1127601,Single,27,56,0
626,Female,26,Chennai,UG,211387,Single,34,44,0
627,Female,21,Bangalore,PG,638289,Married,12,6,0
628,Male,22,Bangalore,PG,643068,Married,19,57,1
629,Female,22,Bangalore,UG,395931,Married,19,90,1
630,Female,29,Pune,PhD,1472824,Single,3,73,0
631,Male,28,Chennai,UG,896010,Single,29,69,0
632,Male,45,Pune,UG,1018865,Married,30,19,1
633,Male,44,Delhi,UG,894467,Married,3,16,1
634,Male,39,Delhi,UG,1255012,Married,18,9,1
635,Male,20,Delhi,UG,795499,Married,12,27,1
636,Male,38,Delhi,PhD,1367975,Single,15,34,1
637,Female,28,Bangalore,PhD,743234,Single,19,40,1
638,Male,45,Chennai,PhD,710362,Married,7,26,0
639,Female,46,Mumbai,UG,539047,Married,10,99,0
640,Female,34,Mumbai,PG,274040,Married,20,53,1
641,Female,27,Delhi,PhD,437917,Married,27,51,0
642,Female,32,Chennai,PhD,250764,Single,15,80,0
643,Male,46,Pune,UG,239378,Married,2,62,1
644,Female,21,Pune,UG,393004,Married,30,72,1
645,Female,56,Delhi,PhD,316658,Married,29,97,0
646,Male,41,Delhi,PG,556423,Married,7,47,0
647,Female,41,Pune,PG,404268,Married,31,39,0
648,Male,31,Mumbai,UG,1229027,Single,11,56,1
649,Male,43,Mumbai,PG,1062620,Married,10,79,1
650,Female,28,Bangalore,UG,287904,Single,33,73,1
651,Male,20,Mumbai,UG,732587,Married,19,82,0
652,Male,28,Pune,UG,1254522,Single,35,65,0
653,Male,23,Delhi,UG,738901,Married,34,26,0
654,Male,50,Pune,UG,1192836,Single,5,3,1
655,Male,34,Pune,PhD,1490880,Single,3,31,0
656,Female,57,Bangalore,UG,1304880,Single,19,25,1
657,Female,35,Mumbai,PG,506659,Married,30,64,1
658,Male,21,Mumbai,PG,764884,Single,1,64,1
659,Female,53,Pune,PhD,300874,Single,5,79,1
660,Male,56,Bangalore,PhD,914561,Married,26,4,0
661,Female,32,Pune,PG,454344,Single,30,61,1
662,Female,58,Chennai,UG,966081,Married,25,99,1
663,Female,43,Chennai,UG,1052982,Single,6,77,1
664,Female,50,Mumbai,PhD,329912,Single,9,97,1
665,Female,45,Pune,UG,1213853,Single,11,86,1
666,Male,47,Mumbai,PhD,949802,Single,8,81,0
667,Male,45,Chennai,PG,310663,Married,18,27,1
668,Female,57,Chennai,PG,1407926,Single,17,84,0
669,Male,51,Pune,PhD,555923,Married,15,47,0
670,Male,27,Bangalore,PG,416491,Single,4,91,0
671,Female,56,Mumbai,PG,301662,Single,10,3,1
672,Male,32,Pune,UG,1039388,Single,32,72,1
673,Male,47,Chennai,PhD,396049,Single,3,79,0
674,Female,45,Mumbai,PhD,510612,Married,16,67,1
675,Female,56,Delhi,UG,726985,Married,20,93,0
676,Female,43,Mumbai,PG,897791,Single,26,93,0
677,Male,43,Bangalore,PhD,1296720,Married,2,33,0
678,Male,18,Pune,PG,481596,Single,35,33,1
679,Female,39,Pune,PG,1412881,Single,18,58,0
680,Male,40,Bangalore,PhD,816224,Married,28,41,0
681,Female,42,Mumbai,PG,679499,Married,24,70,0
682,Male,25,Mumbai,PhD,646326,Single,16,94,1
683,Male,51,Chennai,UG,336865,Single,31,73,1
684,Male,32,Mumbai,PhD,1350664,Single,28,79,1
685,Female,19,Delhi,PhD,676217,Married,22,1,0
686,Female,29,Bangalore,UG,1004958,Married,12,70,0
687,Female,35,Chennai,PG,547487,Married,21,90,0
688,Female,24,Pune,UG,757181,Married,22,66,0
689,Male,59,Bangalore,PhD,999735,Single,32,52,0
690,Female,44,Pune,UG,715334,Married,8,90,1
691,Male,19,Bangalore,PhD,642369,Single,25,73,0
692,Female,52,Pune,UG,892572,Married,18,42,1
693,Male,30,Pune,PhD,475857,Married,27,6,0
694,Male,21,Chennai,PhD,292696,Single,16,31,0
695,Male,45,Mumbai,UG,1046585,Married,15,38,1
696,Female,40,Mumbai,PG,497659,Married,7,49,0
697,Male,35,Bangalore,PG,584699,Married,3,41,1
698,Female,38,Chennai,PhD,821946,Married,6,78,0
699,Female,56,Mumbai,PhD,816582,Married,13,55,0
700,Female,31,Pune,UG,1173706,Married,12,7,0
701,Male,30,Bangalore,PG,660768,Single,29,35,0
702,Male,37,Mumbai,PhD,980143,Single,23,16,1
703,Female,30,Delhi,PG,516523,Single,15,19,1
704,Male,25,Mumbai,PhD,1316145,Married,33,21,1
705,Female,21,Pune,PhD,604001,Married,26,38,0
706,Male,23,Chennai,PG,203151,Married,30,48,1
707,Female,41,Bangalore,UG,743387,Married,7,59,1
708,Female,41,Pune,PhD,1278780,Single,8,84,0
709,Female,37,Pune,UG,488157,Single,16,92,1
710,Female,30,Delhi,PhD,702145,Single,7,92,1
711,Male,51,Pune,PhD,1246825,Married,18,92,0
712,Female,25,Delhi,PhD,791222,Married,27,3,0
713,Male,51,Pune,UG,402807,Single,7,34,1
714,Male,22,Mumbai,PG,300811,Single,19,70,0
715,Male,33,Bangalore,UG,225640,Single,21,86,0
716,Female,33,Chennai,PhD,852748,Married,15,8,1
717,Male,31,Delhi,PhD,1237029,Married,29,4,1
718,Female,44,Chennai,PG,1245432,Married,9,4,0
719,Male,59,Bangalore,PhD,731209,Married,18,88,0
720,Female,59,Delhi,PhD,1283942,Married,25,79,0
721,Female,48,Pune,PG,401950,Married,10,39,1
722,Male,31,Delhi,PG,834317,Single,26,62,1
723,Male,48,Chennai,UG,1334249,Married,13,60,0
724,Female,31,Bangalore,PhD,747504,Married,17,19,1
725,Male,41,Pune,PG,1155466,Married,3,91,1
726,Male,52,Mumbai,UG,831332,Single,17,79,0
727,Female,32,Pune,PG,620063,Single,16,53,0
728,Female,37,Pune,PG,346003,Single,32,10,0
729,Female,45,Mumbai,PhD,1416907,Single,35,63,1
730,Female,55,Pune,PhD,636613,Married,6,92,1
731,Female,44,Pune,UG,914101,Single,29,19,0
732,Male,18,Chennai,PhD,227875,Married,18,3,0
733,Male,29,Mumbai,PhD,1359167,Married,24,39,1
734,Female,56,Delhi,PG,297258,Married,32,31,1
735,Female,44,Pune,UG,1019680,Single,7,46,0
736,Female,53,Pune,PG,998385,Single,22,53,0
737,Male,48,Chennai,PhD,965347,Married,15,2,1
738,Female,41,Pune,PG,621325,Married,6,84,0
739,Male,49,Chennai,PG,444107,Married,22,54,1
740,Female,37,Chennai,UG,494801,Married,13,100,1
741,Female,40,Pune,UG,1063282,Married,15,6,1
742,Male,20,Pune,PhD,625289,Married,14,26,1
743,Male,33,Pune,PG,616203,Single,29,66,0
744,Male,19,Mumbai,UG,1197995,Married,34,79,1
745,Male,54,Bangalore,PhD,1358537,Married,2,1,0
746,Male,38,Bangalore,UG,1440381,Single,21,31,1
747,Female,20,Chennai,UG,226987,Single,23,45,0
748,Male,29,Mumbai,UG,707933,Married,28,60,0
749,Male,45,Mumbai,PhD,1049232,Married,30,67,0
750,Female,42,Delhi,UG,510549,Single,27,65,0
751,Male,33,Delhi,UG,707256,Married,15,97,0
752,Male,29,Bangalore,UG,584203,Single,1,95,0
753,Male,38,Mumbai,PG,800608,Single,11,43,0
754,Male,39,Pune,UG,761439,Married,24,16,1
755,Female,36,Chennai,PG,708953,Married,27,80,0
756,Female,29,Delhi,PG,876958,Married,29,85,0
757,Female,29,Pune,PG,504457,Married,11,44,0
758,Female,40,Chennai,PhD,1169467,Single,34,33,1
759,Male,59,Mumbai,PhD,602800,Married,4,94,0
760,Male,52,Delhi,PG,1077118,Married,5,20,0
761,Male,26,Delhi,PhD,1203830,Single,12,3,1
762,Female,38,Bangalore,PG,528611,Married,10,18,0
763,Female,34,Delhi,UG,477591,Married,16,9,0
764,Male,19,Mumbai,UG,314630,Single,34,60,1
765,Female,54,Bangalore,PG,279379,Single,31,36,0
766,Male,28,Chennai,PhD,850219,Married,8,30,1
767,Male,38,Delhi,UG,536900,Single,27,24,1
768,Male,22,Bangalore,PG,206020,Married,30,36,1
769,Male,51,Mumbai,PG,323828,Married,26,46,0
770,Female,54,Mumbai,PG,569649,Single,11,86,1
771,Male,49,Pune,PG,935567,Married,27,43,1
772,Male,27,Bangalore,PhD,725744,Single,19,15,0
773,Male,56,Chennai,UG,320087,Married,20,28,0
774,Male,30,Mumbai,PhD,869955,Single,19,100,1
775,Male,19,Mumbai,PG,509896,Single,16,57,0
776,Female,40,Pune,PhD,1371766,Married,15,7,1
777,Female,57,Bangalore,PhD,1282042,Single,26,58,0
778,Male,20,Chennai,UG,300955,Single,12,8,0
779,Male,38,Delhi,UG,1237079,Single,28,67,0
780,Male,27,Pune,UG,258784,Single,21,15,0
781,Male,20,Mumbai,PG,620186,Married,3,93,0
782,Female,32,Delhi,UG,1246804,Married,32,86,1
783,Female,27,Bangalore,PhD,839832,Married,24,49,0
784,Male,26,Pune,PhD,712203,Single,14,24,0
785,Female,33,Chennai,PG,1254840,Married,9,61,1
786,Male,41,Mumbai,PG,726590,Single,23,67,1
787,Male,37,Mumbai,UG,1117897,Married,15,45,1
788,Male,47,Chennai,PG,839676,Married,34,62,1
789,Female,30,Mumbai,PG,349747,Married,14,72,1
790,Male,18,Delhi,UG,417489,Married,10,61,1
791,Female,21,Bangalore,PG,685427,Married,20,33,1
792,Male,24,Mumbai,UG,957097,Married,5,94,1
793,Female,53,Pune,UG,708675,Single,15,27,1
794,Male,38,Delhi,PhD,526885,Married,33,44,1
795,Male,47,Pune,PhD,1259971,Single,28,37,0
796,Female,56,Bangalore,UG,967336,Married,33,90,0
797,Female,44,Bangalore,PG,275123,Married,28,5,1
798,Male,43,Mumbai,PhD,1398223,Married,32,57,1
799,Female,36,Mumbai,UG,679568,Single,3,92,1
800,Male,31,Mumbai,PhD,551278,Married,0,10,1
801,Male,57,Delhi,PhD,1068974,Married,23,21,1
802,Male,59,Pune,PhD,1190677,Married,22,46,1
803,Male,48,Chennai,UG,1095906,Single,4,41,0
804,Male,24,Delhi,PG,389424,Married,32,96,0
805,Male,50,Chennai,PhD,784983,Single,21,17,1
806,Female,26,Chennai,PhD,834157,Married,21,76,1
807,Female,19,Chennai,PhD,641427,Single,35,65,1
808,Male,53,Mumbai,UG,324075,Single,24,34,1
809,Female,24,Chennai,PhD,333311,Single,14,73,1
810,Female,22,Pune,UG,779417,Single,3,87,1
811,Male,39,Mumbai,PG,879989,Single,24,1,1
812,Female,51,Pune,PG,904965,Married,13,88,0
813,Female,33,Bangalore,PG,896789,Single,17,35,1
814,Male,31,Pune,PhD,911991,Married,10,8,0
815,Female,26,Chennai,UG,1106514,Married,30,44,1
816,Male,23,Bangalore,PG,1196556,Single,4,4,0
817,Female,54,Chennai,PhD,1106013,Married,14,38,1
818,Female,58,Delhi,PG,826410,Married,28,82,0
819,Female,19,Chennai,PhD,940374,Single,0,39,0
820,Male,54,Bangalore,PhD,1428412,Married,19,61,0
821,Female,59,Chennai,PhD,1356470,Single,2,52,0
822,Male,59,Bangalore,PG,1387897,Single,27,60,0
823,Female,36,Delhi,UG,865148,Married,23,22,1
824,Female,60,Chennai,PhD,1081434,Married,12,85,1
825,Male,34,Bangalore,PhD,1386053,Single,31,48,0
826,Male,18,Bangalore,PG,209402,Single,9,58,0
827,Female,21,Bangalore,UG,814561,Married,30,74,1
828,Male,54,Bangalore,PG,773340,Single,0,29,0
829,Female,47,Chennai,PhD,1420332,Married,12,17,0
830,Female,47,Mumbai,PhD,673942,Married,20,11,0
831,Female,46,Pune,PG,1313527,Married,25,16,1
832,Female,38,Bangalore,PG,943808,Single,15,39,1
833,Female,20,Mumbai,PG,1372288,Married,20,12,0
834,Female,42,Chennai,UG,954374,Married,4,15,0
835,Male,20,Delhi,PhD,1343140,Married,26,52,0
836,Male,28,Bangalore,PG,645887,Married,4,80,1
837,Male,56,Mumbai,UG,1071005,Married,6,30,1
838,Male,54,Mumbai,PhD,930722,Single,6,74,0
839,Female,38,Delhi,PG,1165252,Single,35,1,1
840,Female,31,Mumbai,PG,253776,Married,18,48,1
841,Male,56,Mumbai,PhD,1291529,Married,23,65,1
842,Female,59,Pune,PhD,850021,Single,19,34,1
843,Female,48,Chennai,PG,593527,Married,26,82,1
844,Female,57,Delhi,PhD,998082,Single,5,45,0
845,Female,44,Bangalore,UG,712659,Single,7,28,0
846,Male,34,Pune,PG,965699,Married,23,86,1
847,Female,41,Bangalore,PhD,537741,Single,21,41,1
848,Female,52,Pune,PG,536249,Married,10,66,0
849,Female,36,Mumbai,UG,1152809,Married,21,68,1
850,Female,51,Delhi,PG,740320,Married,33,20,0
851,Male,20,Pune,UG,1136377,Single,34,83,0
852,Female,35,Mumbai,UG,1097493,Single,32,33,1
853,Female,48,Pune,UG,840131,Married,18,62,1
854,Female,32,Chennai,UG,821424,Single,22,94,0
855,Male,43,Delhi,UG,210971,Single,13,47,1
856,Male,58,Chennai,PG,206928,Single,1,65,0
857,Female,34,Bangalore,PG,323130,Married,7,10,0
858,Male,30,Chennai,PhD,203863,Married,34,11,0
859,Male,35,Mumbai,UG,1037076,Single,28,89,1
860,Male,29,Bangalore,PhD,1308414,Married,15,82,0
861,Female,39,Bangalore,UG,950160,Single,23,27,1
862,Female,54,Bangalore,UG,836218,Single,5,18,0
863,Female,28,Delhi,PhD,1275382,Single,21,10,1
864,Female,30,Bangalore,PG,538752,Married,27,82,0
865,Female,53,Chennai,PhD,1017473,Single,20,32,1
866,Male,42,Bangalore,PhD,443894,Single,28,66,1
867,Male,36,Delhi,UG,1373458,Married,8,98,1
868,Male,18,Pune,PG,1345775,Married,30,68,1
869,Male,31,Delhi,PG,642195,Married,35,21,1
870,Female,19,Delhi,UG,892973,Married,28,4,1
871,Male,22,Chennai,PhD,667506,Married,8,15,1
872,Male,24,Pune,PhD,438523,Single,19,95,1
873,Male,44,Mumbai,PhD,907677,Married,4,90,0
874,Female,48,Bangalore,PhD,712191,Married,22,66,1
875,Female,58,Bangalore,PG,1483607,Married,2,46,0
876,Male,33,Chennai,PG,961812,Married,10,85,0
877,Male,41,Mumbai,PG,370721,Married,12,53,0
878,Female,50,Pune,PG,466861,Single,10,30,0
879,Female,51,Delhi,PG,836154,Married,6,7,0
880,Female,23,Bangalore,PG,390199,Married,33,36,1
881,Female,20,Pune,PhD,662678,Married,23,100,1
882,Male,51,Chennai,UG,1150547,Single,22,100,0
883,Female,28,Delhi,PhD,1433958,Single,4,50,0
884,Female,38,Chennai,PhD,821627,Single,6,46,1
885,Male,56,Delhi,PG,1343822,Married,33,57,1
886,Female,59,Delhi,PG,1388974,Married,33,14,1
887,Female,41,Bangalore,UG,1017095,Single,8,63,0
888,Male,19,Chennai,PG,608435,Single,11,85,1
889,Female,53,Pune,PhD,420554,Married,12,98,0
890,Female,47,Pune,UG,1321246,Single,0,19,0
891,Female,44,Bangalore,PG,413582,Single,12,4,0
892,Female,24,Mumbai,PG,1220685,Single,3,2,1
893,Male,18,Delhi,UG,1335477,Single,27,79,0
894,Male,57,Delhi,PhD,1277614,Single,3,30,0
895,Female,40,Pune,PG,1178655,Single,14,71,1
896,Female,24,Pune,UG,1457317,Single,9,19,1
897,Male,34,Mumbai,PhD,1218987,Single,19,67,0
898,Male,45,Chennai,PG,759849,Single,15,92,0
899,Male,37,Mumbai,PhD,963402,Married,35,43,1
900,Male,48,Chennai,UG,551196,Married,24,27,0
901,Female,49,Chennai,PhD,550166,Married,22,57,1
902,Female,55,Bangalore,PhD,945931,Single,23,48,0
903,Female,20,Bangalore,UG,718533,Married,10,95,0
904,Female,34,Chennai,UG,1254854,Single,0,95,0
905,Male,60,Chennai,PhD,1493535,Single,0,22,1
906,Male,37,Chennai,PG,452795,Married,6,7,1
907,Female,48,Mumbai,UG,1153358,Married,15,29,0
908,Female,26,Bangalore,PhD,1378146,Married,31,21,1
909,Male,40,Mumbai,UG,337544,Married,15,41,1
910,Male,49,Bangalore,PG,398649,Married,18,55,0
911,Male,41,Delhi,UG,742091,Married,4,10,1
912,Female,26,Delhi,PhD,761124,Married,18,62,1
913,Male,47,Pune,UG,982861,Single,35,72,1
914,Male,38,Bangalore,PG,1438853,Single,11,58,1
915,Female,40,Bangalore,PG,692051,Married,12,95,0
916,Female,45,Chennai,PG,1379383,Single,34,50,0
917,Female,23,Pune,PhD,583984,Married,28,70,0
918,Female,37,Delhi,PhD,1066657,Single,4,56,1
919,Male,32,Delhi,PhD,1368267,Single,13,52,0
920,Male,44,Mumbai,PhD,970433,Married,3,47,0
921,Male,52,Delhi,UG,1109522,Single,17,25,1
922,Female,38,Mumbai,UG,1051657,Single,23,2,0
923,Male,57,Mumbai,UG,1376505,Single,4,48,1
924,Male,29,Mumbai,PhD,692698,Married,7,50,1
925,Male,39,Delhi,PhD,1146351,Single,13,70,1
926,Male,22,Bangalore,PG,860834,Married,23,66,0
927,Female,18,Chennai,PhD,261094,Single,24,73,0
928,Female,58,Chennai,PhD,392592,Single,8,63,0
929,Female,45,Mumbai,PG,1118967,Single,0,13,0
930,Male,20,Bangalore,PG,1382360,Married,26,6,1
931,Female,49,Pune,PG,823827,Married,11,93,0
932,Male,55,Delhi,PhD,1143806,Single,0,70,0
933,Female,29,Delhi,UG,1150297,Married,15,37,1
934,Male,23,Chennai,PG,431979,Married,30,58,0
935,Male,53,Mumbai,PhD,231512,Single,11,80,0
936,Female,38,Bangalore,PG,783283,Single,32,68,0
937,Female,43,Bangalore,PG,379163,Single,30,73,1
938,Female,20,Delhi,PG,480101,Married,4,19,0
939,Male,19,Bangalore,PG,1187176,Single,10,13,0
940,Female,60,Bangalore,PG,1169125,Married,10,69,0
941,Male,26,Delhi,PG,1002122,Single,8,17,1
942,Male,55,Bangalore,UG,931842,Single,12,49,1
943,Female,58,Bangalore,UG,1391566,Single,19,67,0
944,Female,34,Chennai,PhD,826766,Married,25,8,1
945,Female,38,Delhi,UG,1493642,Single,32,37,0
946,Female,38,Mumbai,PhD,381346,Single,28,52,0
947,Male,60,Mumbai,PG,615829,Single,34,1,0
948,Female,58,Chennai,PhD,621265,Single,18,48,1
949,Female,52,Delhi,PhD,1264934,Married,4,40,1
950,Female,51,Chennai,UG,1171026,Single,4,66,1
951,Female,20,Mumbai,PhD,1375413,Single,21,1,0
952,Female,37,Delhi,PG,566638,Single,4,60,1
953,Male,39,Delhi,UG,208408,Single,4,21,1
954,Male,41,Chennai,PG,1175496,Single,15,21,1
955,Male,60,Delhi,PG,1233741,Married,11,88,0
956,Male,46,Delhi,PhD,996498,Married,26,63,1
957,Male,29,Bangalore,UG,469032,Single,31,21,0
958,Male,52,Mumbai,PhD,383895,Single,24,41,1
959,Female,40,Pune,PhD,737706,Married,33,78,1
960,Male,31,Chennai,UG,1222159,Single,24,79,0
961,Female,48,Bangalore,PG,396554,Married,6,77,1
962,Male,56,Delhi,PhD,747007,Married,25,83,0
963,Female,41,Pune,PhD,361750,Married,27,98,1
964,Male,57,Delhi,PG,319929,Married,3,54,1
965,Female,51,Pune,PG,317478,Married,29,91,1
966,Female,56,Chennai,PhD,347813,Single,35,39,0
967,Female,33,Chennai,UG,1269073,Married,31,83,0
968,Female,18,Delhi,PhD,1009127,Married,29,71,1
969,Female,39,Mumbai,PhD,690637,Single,9,19,0
970,Male,31,Delhi,PG,1047124,Single,26,78,0
971,Female,52,Pune,UG,444618,Married,1,77,1
972,Male,31,Bangalore,PG,1442733,Single,17,13,1
973,Female,20,Mumbai,PhD,712419,Single,35,66,0
974,Male,23,Pune,PG,458987,Married,11,99,0
975,Female,28,Mumbai,PG,1463617,Married,1,83,1
976,Male,54,Mumbai,UG,975250,Married,6,86,1
977,Male,44,Chennai,PG,739701,Married,18,56,1
978,Male,46,Mumbai,UG,238472,Married,15,46,1
979,Female,28,Chennai,UG,558910,Single,12,84,0
980,Male,19,Bangalore,UG,495806,Married,29,58,0
981,Male,29,Mumbai,PhD,288184,Married,13,55,0
982,Male,41,Bangalore,PhD,1464848,Single,22,43,0
983,Male,41,Delhi,PhD,789932,Single,11,34,1
984,Male,50,Mumbai,UG,462545,Single,21,15,1
985,Female,35,Mumbai,PG,918628,Married,6,37,0
986,Male,57,Pune,UG,316498,Married,4,52,0
987,Female,38,Delhi,UG,667428,Single,1,74,0
988,Female,39,Mumbai,PG,766326,Single,10,11,1
989,Female,36,Delhi,PhD,695339,Single,23,70,1
990,Female,19,Delhi,PhD,781973,Married,28,6,0
991,Female,34,Chennai,UG,350674,Single,31,99,1
992,Female,57,Mumbai,UG,1395335,Single,19,33,1
993,Female,21,Pune,PG,311561,Single,34,28,1
994,Male,27,Bangalore,PhD,515759,Single,3,48,1
995,Female,60,Mumbai,PhD,504361,Married,28,97,1
996,Male,31,Chennai,PhD,1070387,Single,27,44,0
997,Female,31,Delhi,PG,1339241,Married,18,8,1
998,Female,43,Mumbai,UG,1401992,Married,28,29,0
999,Male,28,Pune,PG,798854,Married,29,24,0
1000,Female,42,Bangalore,PhD,922020,Single,5,80,1
